ano,modelo,estado,filtrado,suavizado,dif_abs_suavizado_menos_filtrado
1700,M3_baseline_tendencia_local_H1,level,4.15,32.85667808957562,28.706678089575618
1701,M3_baseline_tendencia_local_H1,level,12.96667969069115,33.18484502944167,20.218165338750516
1702,M3_baseline_tendencia_local_H1,level,21.51248905319252,32.045516473219486,10.533027420026965
1703,M3_baseline_tendencia_local_H1,level,60.29741113826429,30.620569461879786,29.6768416763845
1704,M3_baseline_tendencia_local_H1,level,96.59144510034092,30.92863288136499,65.66281221897593
1705,M3_baseline_tendencia_local_H1,level,135.24830085354867,36.4776138126487,98.77068704089997
1706,M3_baseline_tendencia_local_H1,level,-43.357039042738194,28.94660861768898,72.30364766042717
1707,M3_baseline_tendencia_local_H1,level,11.8845350946616,29.814559826236106,17.930024731574505
1708,M3_baseline_tendencia_local_H1,level,27.31894266623046,29.94998180412334,2.6310391378928806
1709,M3_baseline_tendencia_local_H1,level,41.714187253937375,32.0798424820387,9.634344771898675
1710,M3_baseline_tendencia_local_H1,level,33.39129597053348,32.90241447430602,0.4888814962274566
1711,M3_baseline_tendencia_local_H1,level,25.41136366361408,34.12573072628806,8.714367062673983
1712,M3_baseline_tendencia_local_H1,level,19.224223786124245,35.754446219614536,16.53022243349029
1713,M3_baseline_tendencia_local_H1,level,13.631186701420342,36.954676587968024,23.323489886547684
1714,M3_baseline_tendencia_local_H1,level,15.351193509234193,38.92661329609581,23.575419786861616
1715,M3_baseline_tendencia_local_H1,level,22.632516592310022,41.91008037093379,19.27756377862377
1716,M3_baseline_tendencia_local_H1,level,33.13045233835886,46.33836371305569,13.207911374696835
1717,M3_baseline_tendencia_local_H1,level,42.14112094694747,51.95886373960015,9.81774279265268
1718,M3_baseline_tendencia_local_H1,level,40.58985314197978,55.54425531248205,14.95440217050227
1719,M3_baseline_tendencia_local_H1,level,34.483979313706165,56.52426707150811,22.04028775780195
1720,M3_baseline_tendencia_local_H1,level,44.51861161024611,61.39100566927129,16.872394059025176
1721,M3_baseline_tendencia_local_H1,level,57.2318884141207,68.13404940779702,10.902160993676326
1722,M3_baseline_tendencia_local_H1,level,60.61137600660332,72.96481644614389,12.353440439540563
1723,M3_baseline_tendencia_local_H1,level,54.110904064597854,73.05194214470357,18.94103808010572
1724,M3_baseline_tendencia_local_H1,level,62.20441829628418,75.73281420700573,13.52839591072155
1725,M3_baseline_tendencia_local_H1,level,69.81127694623689,76.46377237953166,6.652495433294774
1726,M3_baseline_tendencia_local_H1,level,88.01791629196491,80.69292321731442,7.324993074650493
1727,M3_baseline_tendencia_local_H1,level,108.59214742772961,89.67545256050401,18.9166948672256
1728,M3_baseline_tendencia_local_H1,level,88.19307659056352,85.34422209436214,2.8488544962013833
1729,M3_baseline_tendencia_local_H1,level,82.54587476191215,83.46735702435211,0.9214822624399659
1730,M3_baseline_tendencia_local_H1,level,88.77303004931642,84.44720756222287,4.325822487093546
1731,M3_baseline_tendencia_local_H1,level,101.45270909458898,89.02286585427161,12.429843240317368
1732,M3_baseline_tendencia_local_H1,level,94.99792252910022,87.22264368877534,7.775278840324887
1733,M3_baseline_tendencia_local_H1,level,95.17633962676277,87.11968005626103,8.056659570501736
1734,M3_baseline_tendencia_local_H1,level,96.66314839275068,87.39988286331881,9.263265529431877
1735,M3_baseline_tendencia_local_H1,level,94.0953497945933,85.55576258157897,8.539587213014329
1736,M3_baseline_tendencia_local_H1,level,101.18417454175405,87.66883325240602,13.51534128934803
1737,M3_baseline_tendencia_local_H1,level,90.84962890901241,82.34533775901886,8.504291149993549
1738,M3_baseline_tendencia_local_H1,level,105.00104340498329,86.78876725695221,18.21227614803108
1739,M3_baseline_tendencia_local_H1,level,96.55828159691008,83.87325441945536,12.685027177454714
1740,M3_baseline_tendencia_local_H1,level,90.28687165095664,80.5060879913076,9.780783659649046
1741,M3_baseline_tendencia_local_H1,level,88.50320924929848,77.26419600856798,11.2390132407305
1742,M3_baseline_tendencia_local_H1,level,94.18976830747698,76.52150695145676,17.668261356020224
1743,M3_baseline_tendencia_local_H1,level,100.84787008220374,78.02371556487422,22.824154517329518
1744,M3_baseline_tendencia_local_H1,level,91.07190332703888,74.23473919881539,16.837164128223492
1745,M3_baseline_tendencia_local_H1,level,87.63410586896751,73.01497120234315,14.619134666624362
1746,M3_baseline_tendencia_local_H1,level,81.16086030339638,70.68562018410411,10.475240119292266
1747,M3_baseline_tendencia_local_H1,level,77.42592253988941,69.02277056833934,8.403151971550074
1748,M3_baseline_tendencia_local_H1,level,75.98003817713408,68.05056185952442,7.929476317609655
1749,M3_baseline_tendencia_local_H1,level,79.28760221321251,69.91795392659043,9.36964828662208
1750,M3_baseline_tendencia_local_H1,level,76.41014539666317,70.78954882638286,5.620596570280313
1751,M3_baseline_tendencia_local_H1,level,58.32380910116329,63.31992855010314,4.996119448939851
1752,M3_baseline_tendencia_local_H1,level,75.162818900373,68.97799521163488,6.1848236887381205
1753,M3_baseline_tendencia_local_H1,level,73.61808147846584,69.04318015628252,4.574901322183322
1754,M3_baseline_tendencia_local_H1,level,69.54479211510898,67.79697399307591,1.7478181220330669
1755,M3_baseline_tendencia_local_H1,level,72.05295216681174,69.19747876431447,2.8554734024972674
1756,M3_baseline_tendencia_local_H1,level,68.88495401557805,68.25651110596473,0.6284429096133124
1757,M3_baseline_tendencia_local_H1,level,75.11725130704136,71.84451997505977,3.272731331981589
1758,M3_baseline_tendencia_local_H1,level,71.61357874069056,72.65578223705687,1.0422034963663123
1759,M3_baseline_tendencia_local_H1,level,65.49980020837819,71.67509848849038,6.175298280112187
1760,M3_baseline_tendencia_local_H1,level,67.20875958247808,72.81496364441577,5.606204061937689
1761,M3_baseline_tendencia_local_H1,level,81.97451951970355,81.54332277263521,0.4311967470683413
1762,M3_baseline_tendencia_local_H1,level,66.95811010825908,78.9007774546567,11.942667346397627
1763,M3_baseline_tendencia_local_H1,level,69.2955923022969,81.63014097550486,12.334548673207962
1764,M3_baseline_tendencia_local_H1,level,76.18951023265473,86.58877124765729,10.399261015002566
1765,M3_baseline_tendencia_local_H1,level,73.85562033739279,87.41358449402873,13.557964156635933
1766,M3_baseline_tendencia_local_H1,level,72.11007581253168,85.8005006044208,13.690424791889129
1767,M3_baseline_tendencia_local_H1,level,87.82128341561437,90.2568364143198,2.4355529987054325
1768,M3_baseline_tendencia_local_H1,level,96.82425893618996,93.30745700836135,3.5168019278286096
1769,M3_baseline_tendencia_local_H1,level,106.98664543488204,99.83681062227791,7.1498348126041265
1770,M3_baseline_tendencia_local_H1,level,94.90984641802295,98.76030634907559,3.85045993105264
1771,M3_baseline_tendencia_local_H1,level,89.18302373211986,99.00582148138476,9.822797749264893
1772,M3_baseline_tendencia_local_H1,level,94.83599243235903,103.87137629091129,9.035383858552251
1773,M3_baseline_tendencia_local_H1,level,89.67343848017471,103.55012943708992,13.876690956915212
1774,M3_baseline_tendencia_local_H1,level,100.89605689795393,109.68869160013973,8.792634702185808
1775,M3_baseline_tendencia_local_H1,level,88.99121604189286,103.87956454497487,14.888348503082014
1776,M3_baseline_tendencia_local_H1,level,96.83828045608082,101.32341067144766,4.485130215366837
1777,M3_baseline_tendencia_local_H1,level,131.2119249293172,111.70803807889644,19.50388685042077
1778,M3_baseline_tendencia_local_H1,level,145.41915682691115,121.90504049984611,23.51411632706504
1779,M3_baseline_tendencia_local_H1,level,110.26584908540528,113.479443711302,3.213594625896718
1780,M3_baseline_tendencia_local_H1,level,96.73066113295151,109.37742492984276,12.64676379689125
1781,M3_baseline_tendencia_local_H1,level,110.74633896664328,115.7100362832962,4.963697316652926
1782,M3_baseline_tendencia_local_H1,level,110.69819797978305,116.88238803378935,6.184190054006308
1783,M3_baseline_tendencia_local_H1,level,114.27492192137885,119.23149128377692,4.956569362398071
1784,M3_baseline_tendencia_local_H1,level,109.50062978399261,116.31926107897978,6.818631294987171
1785,M3_baseline_tendencia_local_H1,level,113.05687064494028,113.67264976732773,0.6157791223874511
1786,M3_baseline_tendencia_local_H1,level,134.6401126854075,119.2024183653759,15.437694320031596
1787,M3_baseline_tendencia_local_H1,level,140.68333527946396,122.0602484268036,18.623086852660364
1788,M3_baseline_tendencia_local_H1,level,122.64081736739683,114.75252787867373,7.888289488723103
1789,M3_baseline_tendencia_local_H1,level,117.91236478412632,109.90880438966622,8.00356039446011
1790,M3_baseline_tendencia_local_H1,level,115.76792417793118,102.95987084431529,12.808053333615888
1791,M3_baseline_tendencia_local_H1,level,122.20516788827142,96.91979864419784,25.28536924407358
1792,M3_baseline_tendencia_local_H1,level,135.01429696830567,93.88254999540032,41.13174697290535
1793,M3_baseline_tendencia_local_H1,level,134.0003401192633,86.81599339425037,47.184346725012944
1794,M3_baseline_tendencia_local_H1,level,131.87249481320376,81.55542116615537,50.31707364704839
1795,M3_baseline_tendencia_local_H1,level,115.32703790965131,71.81043080491264,43.51660710473867
1796,M3_baseline_tendencia_local_H1,level,106.78632513700677,66.71719396543443,40.06913117157234
1797,M3_baseline_tendencia_local_H1,level,90.70227244285991,59.83746211438989,30.864810328470014
1798,M3_baseline_tendencia_local_H1,level,77.82953367429963,54.691544160433665,23.13798951386596
1799,M3_baseline_tendencia_local_H1,level,66.21990291066432,50.09545630917181,16.124446601492508
1800,M3_baseline_tendencia_local_H1,level,57.09116483078127,45.96068071497274,11.130484115808528
1801,M3_baseline_tendencia_local_H1,level,55.91832712485992,45.33036784260758,10.587959282252342
1802,M3_baseline_tendencia_local_H1,level,50.27016167399783,43.25304745895277,7.017114215045062
1803,M3_baseline_tendencia_local_H1,level,42.412865061638925,39.12000341727499,3.2928616443639385
1804,M3_baseline_tendencia_local_H1,level,45.79045221864168,39.095976760383486,6.6944754582581965
1805,M3_baseline_tendencia_local_H1,level,45.47917237563491,37.96891709201979,7.510255283615123
1806,M3_baseline_tendencia_local_H1,level,42.89649316497558,35.805819169593946,7.090673995381636
1807,M3_baseline_tendencia_local_H1,level,39.675631955689354,32.63231705571876,7.043314899970596
1808,M3_baseline_tendencia_local_H1,level,45.22066374449392,33.71378492238728,11.506878822106636
1809,M3_baseline_tendencia_local_H1,level,42.19372411295375,32.57672802526483,9.616996087688925
1810,M3_baseline_tendencia_local_H1,level,38.11573179405814,31.690545455989735,6.425186338068407
1811,M3_baseline_tendencia_local_H1,level,33.98203771925192,31.2895110082942,2.692526710957722
1812,M3_baseline_tendencia_local_H1,level,29.52264691076067,30.876633616636447,1.3539867058757764
1813,M3_baseline_tendencia_local_H1,level,26.945594673473934,31.05483671085553,4.109242037381595
1814,M3_baseline_tendencia_local_H1,level,21.469825392489465,28.644417681861675,7.17459228937221
1815,M3_baseline_tendencia_local_H1,level,30.90910861144151,32.348958945488704,1.4398503340471933
1816,M3_baseline_tendencia_local_H1,level,32.21472368431234,33.89893945722979,1.6842157729174474
1817,M3_baseline_tendencia_local_H1,level,28.723893895833335,33.38897694776525,4.665083051931916
1818,M3_baseline_tendencia_local_H1,level,28.809854874212093,33.78435516384576,4.974500289633667
1819,M3_baseline_tendencia_local_H1,level,32.00906091350917,35.57067841266461,3.561617499155446
1820,M3_baseline_tendencia_local_H1,level,34.435742123384564,37.77652944801023,3.3407873246256656
1821,M3_baseline_tendencia_local_H1,level,34.233768364718955,39.59710782986342,5.363339465144463
1822,M3_baseline_tendencia_local_H1,level,35.65569419628146,43.04484072330383,7.389146527022369
1823,M3_baseline_tendencia_local_H1,level,32.53470531580755,45.119262469283655,12.584557153476105
1824,M3_baseline_tendencia_local_H1,level,32.27460910624135,48.31698422389772,16.04237511765637
1825,M3_baseline_tendencia_local_H1,level,32.49188786273044,51.36940973294004,18.877521870209605
1826,M3_baseline_tendencia_local_H1,level,37.55869139722515,56.420500353661,18.86180895643585
1827,M3_baseline_tendencia_local_H1,level,39.62070866272088,60.116361364323254,20.495652701602374
1828,M3_baseline_tendencia_local_H1,level,46.624014445652094,66.07590016688656,19.45188572123446
1829,M3_baseline_tendencia_local_H1,level,50.57602734347144,71.31260718972712,20.73657984625568
1830,M3_baseline_tendencia_local_H1,level,58.53094185508712,79.51828268464891,20.987340829561788
1831,M3_baseline_tendencia_local_H1,level,55.34944164995956,83.33082903672408,27.981387386764524
1832,M3_baseline_tendencia_local_H1,level,56.79322452782963,87.55639932672845,30.763174798898824
1833,M3_baseline_tendencia_local_H1,level,58.21917803925191,88.88255440740011,30.6633763681482
1834,M3_baseline_tendencia_local_H1,level,67.36760850538008,89.72244447542968,22.354835970049606
1835,M3_baseline_tendencia_local_H1,level,88.63354853854219,94.2953816739984,5.66183313545622
1836,M3_baseline_tendencia_local_H1,level,114.25115224230099,104.47506225267648,9.77608998962451
1837,M3_baseline_tendencia_local_H1,level,110.37599322564624,106.2345347348998,4.1414584907464445
1838,M3_baseline_tendencia_local_H1,level,88.19074663770286,97.82039508552536,9.629648447822504
1839,M3_baseline_tendencia_local_H1,level,98.35513884760404,100.48082193287152,2.1256830852674824
1840,M3_baseline_tendencia_local_H1,level,104.66905897959928,102.18170561674401,2.4873533628552735
1841,M3_baseline_tendencia_local_H1,level,106.54345469177878,102.5857178300378,3.957736861740983
1842,M3_baseline_tendencia_local_H1,level,109.76037717350813,104.62818482085966,5.132192352648474
1843,M3_baseline_tendencia_local_H1,level,103.92732586865677,103.17049976547408,0.7568261031826893
1844,M3_baseline_tendencia_local_H1,level,101.89346844384335,102.5474657466234,0.6539973027800556
1845,M3_baseline_tendencia_local_H1,level,104.48558795968975,103.81328376572411,0.672304193965644
1846,M3_baseline_tendencia_local_H1,level,100.19816278737625,101.35823518194029,1.1600723945640397
1847,M3_baseline_tendencia_local_H1,level,108.24733298350586,104.10968436904187,4.137648614463984
1848,M3_baseline_tendencia_local_H1,level,111.47602712011742,106.66352519614603,4.812501923971396
1849,M3_baseline_tendencia_local_H1,level,99.89645248439756,102.28888604532531,2.3924335609277563
1850,M3_baseline_tendencia_local_H1,level,92.6597047023161,95.70442393945532,3.044719237139219
1851,M3_baseline_tendencia_local_H1,level,111.93131743679108,99.53379481404279,12.397522622748284
1852,M3_baseline_tendencia_local_H1,level,117.77948662390955,100.23431876556617,17.545167858343376
1853,M3_baseline_tendencia_local_H1,level,115.92923681231223,99.75013017209815,16.179106640214073
1854,M3_baseline_tendencia_local_H1,level,108.05165830840802,97.78820679601321,10.26345151239481
1855,M3_baseline_tendencia_local_H1,level,99.47832548745686,95.26976828257267,4.208557204884187
1856,M3_baseline_tendencia_local_H1,level,93.20120869031727,92.40124237798402,0.7999663123332539
1857,M3_baseline_tendencia_local_H1,level,94.79578546971791,91.8781986073955,2.917586862322409
1858,M3_baseline_tendencia_local_H1,level,99.2564903983736,93.03508266347934,6.221407734894257
1859,M3_baseline_tendencia_local_H1,level,107.0358033684036,98.46679295825322,8.569010410150383
1860,M3_baseline_tendencia_local_H1,level,94.03806588439814,96.56948655949043,2.531420675092292
1861,M3_baseline_tendencia_local_H1,level,83.37700126108919,93.51199225065668,10.134990989567484
1862,M3_baseline_tendencia_local_H1,level,85.75565922127619,93.76605344276021,8.01039422148402
1863,M3_baseline_tendencia_local_H1,level,92.3184869221865,94.99941486844816,2.6809279462616615
1864,M3_baseline_tendencia_local_H1,level,107.30622972753763,102.11113591850722,5.195093809030411
1865,M3_baseline_tendencia_local_H1,level,99.65869380447175,101.50684419881166,1.8481503943399105
1866,M3_baseline_tendencia_local_H1,level,92.67158642148894,99.97632047815904,7.3047340566701
1867,M3_baseline_tendencia_local_H1,level,85.86149408807134,95.16761881413589,9.306124726064553
1868,M3_baseline_tendencia_local_H1,level,98.07824930474968,96.21017878103045,1.8680705237192257
1869,M3_baseline_tendencia_local_H1,level,104.79064580394547,94.58940581062355,10.20123999332192
1870,M3_baseline_tendencia_local_H1,level,127.88253471490185,104.23569286090225,23.646841853999604
1871,M3_baseline_tendencia_local_H1,level,95.72962624788815,90.61968322088393,5.1099430270042205
1872,M3_baseline_tendencia_local_H1,level,100.83158025037169,89.83099763059045,11.000582619781241
1873,M3_baseline_tendencia_local_H1,level,95.92132422410762,83.60334309857754,12.317981125530082
1874,M3_baseline_tendencia_local_H1,level,103.73589009493134,82.34674758623605,21.389142508695286
1875,M3_baseline_tendencia_local_H1,level,100.73731967344166,76.92758016298342,23.809739510458243
1876,M3_baseline_tendencia_local_H1,level,104.39354639377795,75.66519138064797,28.728355013129985
1877,M3_baseline_tendencia_local_H1,level,100.69102558112615,74.15583661434223,26.53518896678392
1878,M3_baseline_tendencia_local_H1,level,83.68876940818308,67.71761965371051,15.971149754472563
1879,M3_baseline_tendencia_local_H1,level,73.12809389199651,62.71141290114078,10.416680990855731
1880,M3_baseline_tendencia_local_H1,level,74.83333799990258,63.25375635124388,11.579581648658703
1881,M3_baseline_tendencia_local_H1,level,70.89225956698937,62.82782554446613,8.064434022523237
1882,M3_baseline_tendencia_local_H1,level,60.97786707615087,59.54767039478648,1.430196681364393
1883,M3_baseline_tendencia_local_H1,level,59.831125959799294,59.21099709983094,0.6201288599683537
1884,M3_baseline_tendencia_local_H1,level,61.95370835573292,60.74818535865033,1.2055229970825891
1885,M3_baseline_tendencia_local_H1,level,61.20800084793068,61.93085758062216,0.7228567326914828
1886,M3_baseline_tendencia_local_H1,level,54.95092261520185,60.22859606550567,5.277673450303823
1887,M3_baseline_tendencia_local_H1,level,58.78884448922446,62.43128493462133,3.642440445396872
1888,M3_baseline_tendencia_local_H1,level,60.19364738392619,64.16198458744145,3.9683372035152615
1889,M3_baseline_tendencia_local_H1,level,58.90215544503897,64.71749949283993,5.815344047800963
1890,M3_baseline_tendencia_local_H1,level,53.53070553464577,61.655301340832146,8.124595806186377
1891,M3_baseline_tendencia_local_H1,level,62.783194430932234,63.644811135728176,0.8616167047959422
1892,M3_baseline_tendencia_local_H1,level,72.47349128458455,67.48165918181618,4.99183210276837
1893,M3_baseline_tendencia_local_H1,level,68.04438026486989,66.35700051748435,1.6873797473855348
1894,M3_baseline_tendencia_local_H1,level,62.67152231593798,63.72572494476601,1.0542026288280297
1895,M3_baseline_tendencia_local_H1,level,63.59664588508347,62.45956625081838,1.1370796342650848
1896,M3_baseline_tendencia_local_H1,level,64.09459487537592,59.8045702350065,4.290024640369417
1897,M3_baseline_tendencia_local_H1,level,69.22938533513748,58.5389406314079,10.690444703729582
1898,M3_baseline_tendencia_local_H1,level,78.50507864687418,61.02282153447918,17.482257112395004
1899,M3_baseline_tendencia_local_H1,level,70.50062595221546,57.83378470155671,12.666841250658749
1900,M3_baseline_tendencia_local_H1,level,67.83398375039995,57.80155385499157,10.032429895408384
1901,M3_baseline_tendencia_local_H1,level,58.18572083431173,55.064760474074596,3.1209603602371345
1902,M3_baseline_tendencia_local_H1,level,52.56920923112863,53.00924477875658,0.44003554762795005
1903,M3_baseline_tendencia_local_H1,level,54.938973236935944,54.19483847888428,0.7441347580516648
1904,M3_baseline_tendencia_local_H1,level,53.50187715721246,54.0024981393883,0.500620982175839
1905,M3_baseline_tendencia_local_H1,level,56.919107459644046,56.69409326931207,0.22501419033197578
1906,M3_baseline_tendencia_local_H1,level,45.95405077297977,52.18913633526002,6.235085562280247
1907,M3_baseline_tendencia_local_H1,level,55.56502115395681,55.85230138545978,0.2872802315029688
1908,M3_baseline_tendencia_local_H1,level,53.47101566341413,54.939127045135805,1.4681113817216769
1909,M3_baseline_tendencia_local_H1,level,60.71382786375474,59.03885742042635,1.6749704433283839
1910,M3_baseline_tendencia_local_H1,level,53.43586343201888,57.4825561446607,4.046692712641821
1911,M3_baseline_tendencia_local_H1,level,54.70952044274067,59.23763173019649,4.528111287455822
1912,M3_baseline_tendencia_local_H1,level,56.692283849727225,62.04963287707952,5.357349027352292
1913,M3_baseline_tendencia_local_H1,level,51.91980670132014,61.69877941572126,9.778972714401121
1914,M3_baseline_tendencia_local_H1,level,50.08312403379027,60.77332170825998,10.690197674469708
1915,M3_baseline_tendencia_local_H1,level,63.036328147145966,66.53237982249183,3.4960516753458677
1916,M3_baseline_tendencia_local_H1,level,54.659652016367204,62.47467044751293,7.815018431145724
1917,M3_baseline_tendencia_local_H1,level,77.60980662985094,73.89402994196065,3.7157766878902834
1918,M3_baseline_tendencia_local_H1,level,58.062522467370854,68.0988647612885,10.036342293917642
1919,M3_baseline_tendencia_local_H1,level,60.4949802089934,69.32923156616118,8.834251357167787
1920,M3_baseline_tendencia_local_H1,level,61.89473675697655,68.9806548719132,7.0859181149366535
1921,M3_baseline_tendencia_local_H1,level,71.3501124533515,72.06408439627253,0.7139719429210345
1922,M3_baseline_tendencia_local_H1,level,72.88171305155967,72.40581595894285,0.4758970926168189
1923,M3_baseline_tendencia_local_H1,level,70.21699773842896,70.1730521419561,0.043945596472852344
1924,M3_baseline_tendencia_local_H1,level,73.6122302018342,69.7629800427731,3.8492501590611
1925,M3_baseline_tendencia_local_H1,level,80.26761554867961,71.83400764682686,8.433607901852753
1926,M3_baseline_tendencia_local_H1,level,78.16647675600171,71.60274648859374,6.563730267407976
1927,M3_baseline_tendencia_local_H1,level,71.67106887472991,69.4295945926454,2.2414742820845106
1928,M3_baseline_tendencia_local_H1,level,75.79445255486448,72.69193058279677,3.1025219720677057
1929,M3_baseline_tendencia_local_H1,level,71.01714150905353,73.53917415671145,2.522032647657923
1930,M3_baseline_tendencia_local_H1,level,63.064745813294714,72.3364524286014,9.271706615306691
1931,M3_baseline_tendencia_local_H1,level,67.45469125457973,76.17707414664926,8.722382892069533
1932,M3_baseline_tendencia_local_H1,level,68.88898521176868,79.61739952348411,10.728414311715426
1933,M3_baseline_tendencia_local_H1,level,66.50670331531602,81.25168127386917,14.74497795855315
1934,M3_baseline_tendencia_local_H1,level,64.13181762895314,81.08154932843561,16.94973169948247
1935,M3_baseline_tendencia_local_H1,level,71.79132665100937,83.69784686342476,11.906520212415387
1936,M3_baseline_tendencia_local_H1,level,84.19871892865282,89.24549545795881,5.046776529305987
1937,M3_baseline_tendencia_local_H1,level,90.89775930453987,94.8903581617303,3.99259885719043
1938,M3_baseline_tendencia_local_H1,level,82.16138812481319,94.354420290836,12.193032166022817
1939,M3_baseline_tendencia_local_H1,level,79.68389261236284,94.67659728936972,14.992704677006884
1940,M3_baseline_tendencia_local_H1,level,86.17187806196333,97.90020182582263,11.728323763859308
1941,M3_baseline_tendencia_local_H1,level,93.1069126581702,101.70974652236636,8.602833864196157
1942,M3_baseline_tendencia_local_H1,level,97.14172040359418,105.05483582896426,7.91311542537008
1943,M3_baseline_tendencia_local_H1,level,95.73830022809673,105.9142327948702,10.175932566773469
1944,M3_baseline_tendencia_local_H1,level,91.8729689967707,103.4530434944623,11.580074497691612
1945,M3_baseline_tendencia_local_H1,level,99.41482027915569,103.60745221716388,4.192631938008191
1946,M3_baseline_tendencia_local_H1,level,119.89397954120466,111.48163690341023,8.412342637794424
1947,M3_baseline_tendencia_local_H1,level,120.61781381167228,114.96949546981469,5.648318341857589
1948,M3_baseline_tendencia_local_H1,level,102.37422449401893,109.83370241059983,7.459477916580894
1949,M3_baseline_tendencia_local_H1,level,110.47992150907363,115.7467156167794,5.266794107705763
1950,M3_baseline_tendencia_local_H1,level,98.95404958041988,112.54241923325984,13.588369652839958
1951,M3_baseline_tendencia_local_H1,level,113.86236014451723,120.95566818724572,7.093308042728495
1952,M3_baseline_tendencia_local_H1,level,108.13252585775075,121.53155525303102,13.399029395280266
1953,M3_baseline_tendencia_local_H1,level,108.34392737253921,123.4583540561302,15.114426683590992
1954,M3_baseline_tendencia_local_H1,level,102.6233395748457,119.6105435961884,16.987204021342706
1955,M3_baseline_tendencia_local_H1,level,110.83010182901873,117.55984602221773,6.7297441931989965
1956,M3_baseline_tendencia_local_H1,level,144.2847120550353,128.8861287144453,15.398583340589994
1957,M3_baseline_tendencia_local_H1,level,140.09689087853718,128.4365527270641,11.66033815147307
1958,M3_baseline_tendencia_local_H1,level,125.50680787951958,122.66948727354253,2.8373206059770553
1959,M3_baseline_tendencia_local_H1,level,123.316057107021,120.09872155422723,3.21733555279377
1960,M3_baseline_tendencia_local_H1,level,123.37545768510475,116.98127002210248,6.3941876630022705
1961,M3_baseline_tendencia_local_H1,level,121.71156839345844,110.80466181059325,10.90690658286519
1962,M3_baseline_tendencia_local_H1,level,137.27436753163377,112.48884111225472,24.785526419379053
1963,M3_baseline_tendencia_local_H1,level,139.29933780221063,111.64401798437109,27.65531981783954
1964,M3_baseline_tendencia_local_H1,level,125.1001747421156,104.67165490697887,20.428519835136726
1965,M3_baseline_tendencia_local_H1,level,116.8881047705412,99.26890768413483,17.619197086406373
1966,M3_baseline_tendencia_local_H1,level,115.58716548975632,96.96845122453199,18.618714265224327
1967,M3_baseline_tendencia_local_H1,level,117.15960915036224,98.20452284889853,18.95508630146371
1968,M3_baseline_tendencia_local_H1,level,102.31313264911546,93.33636428630714,8.976768362808315
1969,M3_baseline_tendencia_local_H1,level,93.90277835209417,89.9228465954341,3.979931756660079
1970,M3_baseline_tendencia_local_H1,level,95.7401553965011,90.86524521737464,4.874910179126459
1971,M3_baseline_tendencia_local_H1,level,84.00682094059711,84.35375583405612,0.3469348934590073
1972,M3_baseline_tendencia_local_H1,level,99.66402725475591,89.96308234482186,9.700944909934051
1973,M3_baseline_tendencia_local_H1,level,90.8103852621129,86.17770420307522,4.6326810590376795
1974,M3_baseline_tendencia_local_H1,level,96.04753773219248,89.15758763323652,6.889950098955964
1975,M3_baseline_tendencia_local_H1,level,85.67783406374603,85.67783406374603,0.0
1700,M5_custom_BoxCox_ciclo_amortecido,level,2.8836815646717153,17.046283003238354,14.16260143856664
1701,M5_custom_BoxCox_ciclo_amortecido,level,4.85181280495041,17.11153520420805,12.25972239925764
1702,M5_custom_BoxCox_ciclo_amortecido,level,8.194163956588811,16.560534626633093,8.366370670044281
1703,M5_custom_BoxCox_ciclo_amortecido,level,13.573325421884743,15.934985952991676,2.361660531106933
1704,M5_custom_BoxCox_ciclo_amortecido,level,19.521232899284406,15.863672742543192,3.657560156741214
1705,M5_custom_BoxCox_ciclo_amortecido,level,25.691775223891916,17.32619004403186,8.365585179860055
1706,M5_custom_BoxCox_ciclo_amortecido,level,15.443467475052522,14.906149474569096,0.5373180004834257
1707,M5_custom_BoxCox_ciclo_amortecido,level,17.05627834356588,15.04638807867053,2.0098902648953487
1708,M5_custom_BoxCox_ciclo_amortecido,level,16.979882529384266,14.852653110132847,2.127229419251419
1709,M5_custom_BoxCox_ciclo_amortecido,level,17.98922243089903,15.5504539275735,2.43876850332553
1710,M5_custom_BoxCox_ciclo_amortecido,level,16.22279708689057,15.70390729454256,0.5188897923480091
1711,M5_custom_BoxCox_ciclo_amortecido,level,14.118757495727005,15.967325225676127,1.8485677299491226
1712,M5_custom_BoxCox_ciclo_amortecido,level,12.685126631043707,16.60792497927663,3.922798348232922
1713,M5_custom_BoxCox_ciclo_amortecido,level,11.460494596708418,17.217460056991925,5.7569654602835065
1714,M5_custom_BoxCox_ciclo_amortecido,level,11.907564398145555,18.273828519758453,6.366264121612899
1715,M5_custom_BoxCox_ciclo_amortecido,level,13.31756596362426,19.534114544235027,6.216548580610768
1716,M5_custom_BoxCox_ciclo_amortecido,level,15.591098098890287,21.115055996863425,5.523957897973139
1717,M5_custom_BoxCox_ciclo_amortecido,level,18.05134588864193,23.01224061262093,4.960894723978999
1718,M5_custom_BoxCox_ciclo_amortecido,level,18.78649045152675,24.43857310814684,5.652082656620092
1719,M5_custom_BoxCox_ciclo_amortecido,level,18.13763093383864,25.085192600947963,6.947561667109323
1720,M5_custom_BoxCox_ciclo_amortecido,level,20.472370366389786,26.749858532321678,6.277488165931892
1721,M5_custom_BoxCox_ciclo_amortecido,level,23.571183477025343,29.00921165308795,5.4380281760626055
1722,M5_custom_BoxCox_ciclo_amortecido,level,24.38618244199097,30.657794226356575,6.271611784365604
1723,M5_custom_BoxCox_ciclo_amortecido,level,22.20712502259691,30.573854920088483,8.366729897491574
1724,M5_custom_BoxCox_ciclo_amortecido,level,24.94896365849177,31.779647722937295,6.830684064445524
1725,M5_custom_BoxCox_ciclo_amortecido,level,27.36898564563723,32.267476956643904,4.898491311006673
1726,M5_custom_BoxCox_ciclo_amortecido,level,32.14800861810149,33.4890043909503,1.3409957728488067
1727,M5_custom_BoxCox_ciclo_amortecido,level,37.30095551544271,35.58234590736291,1.7186096080798023
1728,M5_custom_BoxCox_ciclo_amortecido,level,34.17988664000575,34.567918559186545,0.38803191918079705
1729,M5_custom_BoxCox_ciclo_amortecido,level,33.509281900172326,34.20157709164126,0.6922951914689364
1730,M5_custom_BoxCox_ciclo_amortecido,level,34.579458086287644,34.46264809089667,0.11680999539097314
1731,M5_custom_BoxCox_ciclo_amortecido,level,36.99905715374211,35.812464479179596,1.1865926745625117
1732,M5_custom_BoxCox_ciclo_amortecido,level,33.62822207529982,34.94117459380829,1.3129525185084745
1733,M5_custom_BoxCox_ciclo_amortecido,level,32.728119569969,34.68009516775347,1.9519755977844682
1734,M5_custom_BoxCox_ciclo_amortecido,level,34.00763960260771,35.16045406423061,1.1528144616229028
1735,M5_custom_BoxCox_ciclo_amortecido,level,33.72048154036789,34.78036503403355,1.0598834936656587
1736,M5_custom_BoxCox_ciclo_amortecido,level,35.89844612075425,35.369677620618425,0.5287685001358255
1737,M5_custom_BoxCox_ciclo_amortecido,level,33.79046661225564,33.795511442096476,0.0050448298408340975
1738,M5_custom_BoxCox_ciclo_amortecido,level,37.95822508465667,34.776698500948136,3.181526583708532
1739,M5_custom_BoxCox_ciclo_amortecido,level,37.12442401689737,34.0154279321255,3.1089960847718743
1740,M5_custom_BoxCox_ciclo_amortecido,level,36.218116634947,33.199446388673344,3.0186702462736577
1741,M5_custom_BoxCox_ciclo_amortecido,level,35.1804680381836,32.21949472501678,2.960973313166818
1742,M5_custom_BoxCox_ciclo_amortecido,level,35.32889861647086,31.748304755842177,3.5805938606286816
1743,M5_custom_BoxCox_ciclo_amortecido,level,36.406638565055864,32.204535279507034,4.20210328554883
1744,M5_custom_BoxCox_ciclo_amortecido,level,32.23166499550216,30.65214165234934,1.5795233431528182
1745,M5_custom_BoxCox_ciclo_amortecido,level,31.82236186819415,30.56105010824327,1.2613117599508819
1746,M5_custom_BoxCox_ciclo_amortecido,level,30.397124008041544,30.040966453936978,0.3561575541045663
1747,M5_custom_BoxCox_ciclo_amortecido,level,29.746571070659467,29.660651549667197,0.08591952099227029
1748,M5_custom_BoxCox_ciclo_amortecido,level,29.754996607669174,29.377365603544153,0.37763100412502126
1749,M5_custom_BoxCox_ciclo_amortecido,level,31.23848433871835,29.837693049772824,1.400791288945527
1750,M5_custom_BoxCox_ciclo_amortecido,level,31.368437979740282,30.125111123887965,1.2433268558523167
1751,M5_custom_BoxCox_ciclo_amortecido,level,27.05556052943606,28.13415321819496,1.0785926887588992
1752,M5_custom_BoxCox_ciclo_amortecido,level,31.646961756043325,29.852282603297162,1.7946791527461627
1753,M5_custom_BoxCox_ciclo_amortecido,level,30.743396743111035,29.91506091401331,0.8283358290977247
1754,M5_custom_BoxCox_ciclo_amortecido,level,28.3498639918962,29.333032045942733,0.9831680540465335
1755,M5_custom_BoxCox_ciclo_amortecido,level,28.604654368304434,29.78241859461404,1.1777642263096055
1756,M5_custom_BoxCox_ciclo_amortecido,level,27.423536038823617,29.48213495732666,2.058598918503044
1757,M5_custom_BoxCox_ciclo_amortecido,level,30.073042478188043,30.934321895357638,0.8612794171695946
1758,M5_custom_BoxCox_ciclo_amortecido,level,29.10648910541365,31.1791981880909,2.0727090826772496
1759,M5_custom_BoxCox_ciclo_amortecido,level,27.648323074318405,30.943733540230408,3.2954104659120027
1760,M5_custom_BoxCox_ciclo_amortecido,level,28.616718891055207,31.36148602642841,2.744767135373202
1761,M5_custom_BoxCox_ciclo_amortecido,level,33.21196406460056,33.837471324605936,0.6255072600053779
1762,M5_custom_BoxCox_ciclo_amortecido,level,29.893291918796496,33.32288925081937,3.429597332022876
1763,M5_custom_BoxCox_ciclo_amortecido,level,30.486169265405213,34.21557757797507,3.7294083125698556
1764,M5_custom_BoxCox_ciclo_amortecido,level,32.08865812610523,35.76961034055434,3.680952214449107
1765,M5_custom_BoxCox_ciclo_amortecido,level,30.588294550020926,35.96887073439263,5.380576184371705
1766,M5_custom_BoxCox_ciclo_amortecido,level,29.15274156218886,35.2747945103546,6.1220529481657415
1767,M5_custom_BoxCox_ciclo_amortecido,level,34.737748739858105,37.06395810247543,2.326209362617327
1768,M5_custom_BoxCox_ciclo_amortecido,level,37.31489292790163,37.85820642842065,0.5433135005190195
1769,M5_custom_BoxCox_ciclo_amortecido,level,40.157451552813825,39.341923139799704,0.8155284130141212
1770,M5_custom_BoxCox_ciclo_amortecido,level,37.84917448167418,39.03860975412837,1.1894352724541903
1771,M5_custom_BoxCox_ciclo_amortecido,level,36.94348244682946,39.198697074238716,2.2552146274092593
1772,M5_custom_BoxCox_ciclo_amortecido,level,38.47060325494195,40.62024067992546,2.14963742498351
1773,M5_custom_BoxCox_ciclo_amortecido,level,36.22023092551286,40.47554957224723,4.2553186467343735
1774,M5_custom_BoxCox_ciclo_amortecido,level,38.71939067675615,42.394089361584776,3.674698684828627
1775,M5_custom_BoxCox_ciclo_amortecido,level,33.2759276638755,40.172430256749415,6.896502592873915
1776,M5_custom_BoxCox_ciclo_amortecido,level,36.443759777387484,39.97841531814726,3.534655540759779
1777,M5_custom_BoxCox_ciclo_amortecido,level,46.6570821752312,43.094214425313496,3.5628677499177073
1778,M5_custom_BoxCox_ciclo_amortecido,level,49.784892998555634,45.00503306241167,4.779859936143964
1779,M5_custom_BoxCox_ciclo_amortecido,level,42.37081866429185,42.99725822064639,0.6264395563545335
1780,M5_custom_BoxCox_ciclo_amortecido,level,39.39134548811966,42.11584731380528,2.7245018256856213
1781,M5_custom_BoxCox_ciclo_amortecido,level,42.6303373454243,43.88771143370716,1.2573740882828588
1782,M5_custom_BoxCox_ciclo_amortecido,level,41.56108576539344,44.20538751066896,2.64430174527552
1783,M5_custom_BoxCox_ciclo_amortecido,level,41.33053436404437,44.84434128517641,3.513806921132044
1784,M5_custom_BoxCox_ciclo_amortecido,level,38.64871196092156,43.771399366946476,5.122687406024916
1785,M5_custom_BoxCox_ciclo_amortecido,level,40.514462234215586,43.52016732826114,3.0057050940455525
1786,M5_custom_BoxCox_ciclo_amortecido,level,47.25667419380925,45.3338036425754,1.9228705512338564
1787,M5_custom_BoxCox_ciclo_amortecido,level,48.75034374565669,45.64149655421198,3.10884719144471
1788,M5_custom_BoxCox_ciclo_amortecido,level,45.19795689428866,43.646329562537694,1.5516273317509643
1789,M5_custom_BoxCox_ciclo_amortecido,level,44.95809549707615,42.32812726557046,2.6299682315056927
1790,M5_custom_BoxCox_ciclo_amortecido,level,44.839559279579575,40.36821740207046,4.4713418775091185
1791,M5_custom_BoxCox_ciclo_amortecido,level,46.16606479119004,38.37774431522686,7.788320475963175
1792,M5_custom_BoxCox_ciclo_amortecido,level,49.0977731055609,37.09659232615686,12.001180779404038
1793,M5_custom_BoxCox_ciclo_amortecido,level,48.267233089183115,34.66860324381667,13.598629845366446
1794,M5_custom_BoxCox_ciclo_amortecido,level,47.316221456853995,32.86501799850793,14.451203458346065
1795,M5_custom_BoxCox_ciclo_amortecido,level,41.75942025494639,29.648064003930347,12.111356251016044
1796,M5_custom_BoxCox_ciclo_amortecido,level,38.95061831184861,28.048860381796803,10.901757930051804
1797,M5_custom_BoxCox_ciclo_amortecido,level,33.3092482816803,25.683669198843596,7.625579082836701
1798,M5_custom_BoxCox_ciclo_amortecido,level,29.1962396403297,23.997503412072675,5.198736228257026
1799,M5_custom_BoxCox_ciclo_amortecido,level,25.980947154465937,22.623879430949298,3.3570677235166393
1800,M5_custom_BoxCox_ciclo_amortecido,level,23.648652196485802,21.39272846337058,2.255923733115221
1801,M5_custom_BoxCox_ciclo_amortecido,level,23.88194378214317,21.219149922394706,2.662793859748465
1802,M5_custom_BoxCox_ciclo_amortecido,level,22.43194706769256,20.38584850086226,2.046098566830299
1803,M5_custom_BoxCox_ciclo_amortecido,level,20.492226554518805,18.953021212062442,1.5392053424563628
1804,M5_custom_BoxCox_ciclo_amortecido,level,22.04494787867816,18.77859234783828,3.2663555308398777
1805,M5_custom_BoxCox_ciclo_amortecido,level,22.369750676172966,18.290775803134714,4.078974873038252
1806,M5_custom_BoxCox_ciclo_amortecido,level,21.554556055967296,17.490964516594435,4.063591539372862
1807,M5_custom_BoxCox_ciclo_amortecido,level,19.570555812376547,16.112307112760327,3.4582486996162203
1808,M5_custom_BoxCox_ciclo_amortecido,level,20.98329452429935,16.42734355372319,4.555950970576159
1809,M5_custom_BoxCox_ciclo_amortecido,level,18.942848691950157,15.803346643561557,3.1395020483886
1810,M5_custom_BoxCox_ciclo_amortecido,level,16.701257120585947,15.263826479575954,1.4374306410099926
1811,M5_custom_BoxCox_ciclo_amortecido,level,15.40166691991434,15.249937125184744,0.15172979472959724
1812,M5_custom_BoxCox_ciclo_amortecido,level,13.951249501131564,15.241364386987764,1.2901148858562
1813,M5_custom_BoxCox_ciclo_amortecido,level,13.217645671882087,15.47892819109643,2.261282519214342
1814,M5_custom_BoxCox_ciclo_amortecido,level,11.219169203371699,14.675713599289821,3.4565443959181223
1815,M5_custom_BoxCox_ciclo_amortecido,level,14.988280663689473,16.087401839066406,1.0991211753769328
1816,M5_custom_BoxCox_ciclo_amortecido,level,15.855519074062771,16.58377359028783,0.7282545162250589
1817,M5_custom_BoxCox_ciclo_amortecido,level,15.413620298197186,16.523796506568836,1.1101762083716498
1818,M5_custom_BoxCox_ciclo_amortecido,level,15.878454900368984,16.7575770628055,0.8791221624365146
1819,M5_custom_BoxCox_ciclo_amortecido,level,16.991302917487435,17.41322593248378,0.4219230149963451
1820,M5_custom_BoxCox_ciclo_amortecido,level,17.504173881811013,18.182910618727593,0.67873673691658
1821,M5_custom_BoxCox_ciclo_amortecido,level,16.65569193255154,18.67328997944443,2.017598046892889
1822,M5_custom_BoxCox_ciclo_amortecido,level,16.815507675457884,19.89814532583008,3.0826376503721953
1823,M5_custom_BoxCox_ciclo_amortecido,level,15.089269866215268,20.44115525080216,5.351885384586893
1824,M5_custom_BoxCox_ciclo_amortecido,level,15.560464901395441,21.825982274587382,6.2655173731919405
1825,M5_custom_BoxCox_ciclo_amortecido,level,15.860155947144065,23.041890720384316,7.181734773240251
1826,M5_custom_BoxCox_ciclo_amortecido,level,17.734867932293074,24.837615088723368,7.1027471564302935
1827,M5_custom_BoxCox_ciclo_amortecido,level,18.651419404375943,26.09765268484871,7.446233280472768
1828,M5_custom_BoxCox_ciclo_amortecido,level,21.358566483374613,28.02123102772846,6.662664544353849
1829,M5_custom_BoxCox_ciclo_amortecido,level,23.381212105285094,29.76257443335488,6.3813623280697875
1830,M5_custom_BoxCox_ciclo_amortecido,level,26.518244905935322,32.396457579653855,5.878212673718533
1831,M5_custom_BoxCox_ciclo_amortecido,level,26.08837881314258,33.87415161961273,7.785772806470153
1832,M5_custom_BoxCox_ciclo_amortecido,level,26.032879245423036,35.335363721501835,9.3024844760788
1833,M5_custom_BoxCox_ciclo_amortecido,level,24.98400775338236,35.51693953459311,10.532931781210745
1834,M5_custom_BoxCox_ciclo_amortecido,level,27.908195479879037,36.08402862163133,8.175833141752296
1835,M5_custom_BoxCox_ciclo_amortecido,level,35.30196194638337,38.03595564561181,2.733993699228435
1836,M5_custom_BoxCox_ciclo_amortecido,level,42.07811678079945,40.48260393531992,1.5955128454795258
1837,M5_custom_BoxCox_ciclo_amortecido,level,41.5860141007774,40.694097149487156,0.8919169512902414
1838,M5_custom_BoxCox_ciclo_amortecido,level,37.01807924856156,38.74389330558419,1.7258140570226246
1839,M5_custom_BoxCox_ciclo_amortecido,level,39.946605419109424,39.51020597337016,0.43639944573926215
1840,M5_custom_BoxCox_ciclo_amortecido,level,41.400051497808,40.0248782789548,1.3751732188531989
1841,M5_custom_BoxCox_ciclo_amortecido,level,40.995770153782274,40.09477071394936,0.9009994398329155
1842,M5_custom_BoxCox_ciclo_amortecido,level,40.86942969242129,40.64490739344247,0.22452229897881892
1843,M5_custom_BoxCox_ciclo_amortecido,level,37.869921883935746,39.97140538235715,2.101483498421402
1844,M5_custom_BoxCox_ciclo_amortecido,level,37.46832886491451,39.986449338285794,2.518120473371283
1845,M5_custom_BoxCox_ciclo_amortecido,level,39.09034619944489,40.76216237309003,1.6718161736451407
1846,M5_custom_BoxCox_ciclo_amortecido,level,38.08096189849329,40.15460402070744,2.073642122214146
1847,M5_custom_BoxCox_ciclo_amortecido,level,40.680013527222435,40.83159074817278,0.15157722095034387
1848,M5_custom_BoxCox_ciclo_amortecido,level,42.2580826631412,41.343414199640605,0.9146684635005968
1849,M5_custom_BoxCox_ciclo_amortecido,level,40.407881498109404,40.28841392476633,0.11946757334307279
1850,M5_custom_BoxCox_ciclo_amortecido,level,38.92370678702198,38.541736336521375,0.38197045050060296
1851,M5_custom_BoxCox_ciclo_amortecido,level,43.97742071021038,39.39299378796564,4.584426922244738
1852,M5_custom_BoxCox_ciclo_amortecido,level,45.27702091499404,39.434630660693,5.842390254301037
1853,M5_custom_BoxCox_ciclo_amortecido,level,44.17976419542661,39.2381116150869,4.9416525803397064
1854,M5_custom_BoxCox_ciclo_amortecido,level,40.81910203004755,38.59148579384993,2.227616236197626
1855,M5_custom_BoxCox_ciclo_amortecido,level,36.75518313860571,37.55879361657374,0.8036104779680286
1856,M5_custom_BoxCox_ciclo_amortecido,level,34.35886750088425,36.61813783119692,2.259270330312667
1857,M5_custom_BoxCox_ciclo_amortecido,level,36.24327197124373,37.0993921125283,0.8561201412845705
1858,M5_custom_BoxCox_ciclo_amortecido,level,37.76809030586914,37.524343399990194,0.2437469058789432
1859,M5_custom_BoxCox_ciclo_amortecido,level,39.90661356592455,38.73344525795326,1.1731683079712951
1860,M5_custom_BoxCox_ciclo_amortecido,level,37.24567792227252,38.22812644705803,0.9824485247855108
1861,M5_custom_BoxCox_ciclo_amortecido,level,35.27701951369129,37.59588918276148,2.318869669070189
1862,M5_custom_BoxCox_ciclo_amortecido,level,36.14553703165827,37.73306854335776,1.5875315116994884
1863,M5_custom_BoxCox_ciclo_amortecido,level,37.652308167556875,38.00067750799969,0.3483693404428152
1864,M5_custom_BoxCox_ciclo_amortecido,level,41.733601812821114,40.01470079548749,1.7189010173336214
1865,M5_custom_BoxCox_ciclo_amortecido,level,38.967178603001216,39.82131206417006,0.8541334611688427
1866,M5_custom_BoxCox_ciclo_amortecido,level,35.97316333600617,39.26385140479465,3.2906880687884765
1867,M5_custom_BoxCox_ciclo_amortecido,level,32.9227025500999,37.53991406572837,4.617211515628469
1868,M5_custom_BoxCox_ciclo_amortecido,level,38.09475299143058,38.470626210725136,0.3758732192945544
1869,M5_custom_BoxCox_ciclo_amortecido,level,40.0986286750385,37.905636472821506,2.192992202216992
1870,M5_custom_BoxCox_ciclo_amortecido,level,46.19539743611288,39.76602443423521,6.429373001877664
1871,M5_custom_BoxCox_ciclo_amortecido,level,39.090848808149886,36.1447153839562,2.9461334241936825
1872,M5_custom_BoxCox_ciclo_amortecido,level,40.97611656017129,35.73016349946129,5.245953060710001
1873,M5_custom_BoxCox_ciclo_amortecido,level,39.63837523994062,33.91285884041871,5.725516399521915
1874,M5_custom_BoxCox_ciclo_amortecido,level,40.967551335018655,33.355339140685246,7.612212194333409
1875,M5_custom_BoxCox_ciclo_amortecido,level,38.291024881841736,31.324815095293467,6.966209786548269
1876,M5_custom_BoxCox_ciclo_amortecido,level,38.41382141021274,30.790328378770106,7.623493031442635
1877,M5_custom_BoxCox_ciclo_amortecido,level,37.02649228786133,30.48280759108262,6.543684696778712
1878,M5_custom_BoxCox_ciclo_amortecido,level,30.49226419267402,28.150191364084066,2.3420728285899557
1879,M5_custom_BoxCox_ciclo_amortecido,level,27.634154758551084,26.75278767848332,0.8813670800677649
1880,M5_custom_BoxCox_ciclo_amortecido,level,29.596091181659904,27.40709008079538,2.189001100864523
1881,M5_custom_BoxCox_ciclo_amortecido,level,28.543507316513157,27.171454609520254,1.3720527069929034
1882,M5_custom_BoxCox_ciclo_amortecido,level,26.039329766790768,26.14684155852942,0.10751179173865211
1883,M5_custom_BoxCox_ciclo_amortecido,level,26.388556341385396,26.043668386470074,0.34488795491532187
1884,M5_custom_BoxCox_ciclo_amortecido,level,27.714676875447708,26.51873012893661,1.1959467465110976
1885,M5_custom_BoxCox_ciclo_amortecido,level,27.964418047753554,26.976342887525455,0.9880751602280995
1886,M5_custom_BoxCox_ciclo_amortecido,level,25.638734021225748,26.45838313475569,0.8196491135299411
1887,M5_custom_BoxCox_ciclo_amortecido,level,25.9082358235912,27.03588928128769,1.1276534576964927
1888,M5_custom_BoxCox_ciclo_amortecido,level,25.45572108460037,27.46140527043114,2.00568418583077
1889,M5_custom_BoxCox_ciclo_amortecido,level,24.682753488648228,27.68246405369966,2.9997105650514335
1890,M5_custom_BoxCox_ciclo_amortecido,level,22.682715689389703,26.703799067387514,4.021083377997812
1891,M5_custom_BoxCox_ciclo_amortecido,level,26.696954091085875,27.79121660124771,1.0942625101618368
1892,M5_custom_BoxCox_ciclo_amortecido,level,29.526007143687785,28.72010061885275,0.8059065248350343
1893,M5_custom_BoxCox_ciclo_amortecido,level,28.661649116841424,28.231862712472942,0.4297864043684818
1894,M5_custom_BoxCox_ciclo_amortecido,level,27.960533660715846,27.505752433068636,0.4547812276472101
1895,M5_custom_BoxCox_ciclo_amortecido,level,28.791704060645532,27.173155348432633,1.618548712212899
1896,M5_custom_BoxCox_ciclo_amortecido,level,28.85701349205242,26.331097865769827,2.5259156262825933
1897,M5_custom_BoxCox_ciclo_amortecido,level,29.749554231633393,25.739179929650724,4.010374301982669
1898,M5_custom_BoxCox_ciclo_amortecido,level,32.32962514008849,26.4897647101531,5.8398604299353885
1899,M5_custom_BoxCox_ciclo_amortecido,level,28.819057793436926,25.273907595555688,3.545150197881238
1900,M5_custom_BoxCox_ciclo_amortecido,level,27.621143430000252,25.337692192418686,2.2834512375815663
1901,M5_custom_BoxCox_ciclo_amortecido,level,23.523499702238954,24.205880957065105,0.6823812548261508
1902,M5_custom_BoxCox_ciclo_amortecido,level,22.000704398213223,23.67663717051536,1.6759327723021364
1903,M5_custom_BoxCox_ciclo_amortecido,level,23.796968817820005,24.449029114140775,0.6520602963207693
1904,M5_custom_BoxCox_ciclo_amortecido,level,23.392618490349573,24.33307058481719,0.9404520944676165
1905,M5_custom_BoxCox_ciclo_amortecido,level,24.71414503738445,25.015317796517362,0.30117275913291053
1906,M5_custom_BoxCox_ciclo_amortecido,level,22.05014003775421,23.684459150102484,1.6343191123482725
1907,M5_custom_BoxCox_ciclo_amortecido,level,25.50334499069733,24.716125426459,0.7872195642383275
1908,M5_custom_BoxCox_ciclo_amortecido,level,25.343640258014705,24.44308168074525,0.9005585772694538
1909,M5_custom_BoxCox_ciclo_amortecido,level,27.69875159709996,25.72018347800333,1.9785681190966287
1910,M5_custom_BoxCox_ciclo_amortecido,level,24.702375029332533,25.168834832172536,0.4664598028400029
1911,M5_custom_BoxCox_ciclo_amortecido,level,23.786068567637024,25.471890693401146,1.6858221257641226
1912,M5_custom_BoxCox_ciclo_amortecido,level,23.868315897045946,26.393461320625025,2.5251454235790796
1913,M5_custom_BoxCox_ciclo_amortecido,level,21.50900879253512,26.10234582690238,4.593337034367259
1914,M5_custom_BoxCox_ciclo_amortecido,level,21.634607163573378,26.204930073038646,4.570322909465268
1915,M5_custom_BoxCox_ciclo_amortecido,level,26.396265103254677,28.327974801421867,1.9317096981671895
1916,M5_custom_BoxCox_ciclo_amortecido,level,23.707985490111632,27.09079513084406,3.382809640732429
1917,M5_custom_BoxCox_ciclo_amortecido,level,30.595234110008402,30.12795180853012,0.4672823014782814
1918,M5_custom_BoxCox_ciclo_amortecido,level,26.436379133074933,28.843466916716725,2.407087783641792
1919,M5_custom_BoxCox_ciclo_amortecido,level,27.709475437802777,29.446323142333135,1.7368477045303585
1920,M5_custom_BoxCox_ciclo_amortecido,level,27.885063089036862,29.480232095995245,1.5951690069583826
1921,M5_custom_BoxCox_ciclo_amortecido,level,30.109983019375598,30.485397148862962,0.3754141294873641
1922,M5_custom_BoxCox_ciclo_amortecido,level,29.645305454096963,30.561355108079383,0.9160496539824194
1923,M5_custom_BoxCox_ciclo_amortecido,level,27.778097505077003,29.635434158416455,1.857336653339452
1924,M5_custom_BoxCox_ciclo_amortecido,level,29.679090990472872,29.876886105466895,0.19779511499402247
1925,M5_custom_BoxCox_ciclo_amortecido,level,32.273359281126986,30.642961742928467,1.630397538198519
1926,M5_custom_BoxCox_ciclo_amortecido,level,31.759134798591578,30.404858854932264,1.3542759436593137
1927,M5_custom_BoxCox_ciclo_amortecido,level,30.331307944262083,29.682149070157255,0.6491588741048275
1928,M5_custom_BoxCox_ciclo_amortecido,level,32.13828321367348,30.5368904114887,1.6013928021847832
1929,M5_custom_BoxCox_ciclo_amortecido,level,31.385955594344658,30.871724106947568,0.5142314873970903
1930,M5_custom_BoxCox_ciclo_amortecido,level,28.838956839617268,30.560985552190814,1.7220287125735467
1931,M5_custom_BoxCox_ciclo_amortecido,level,29.336308492037308,31.650895262861926,2.3145867708246186
1932,M5_custom_BoxCox_ciclo_amortecido,level,28.753128065933907,32.59273736402778,3.839609298093876
1933,M5_custom_BoxCox_ciclo_amortecido,level,27.072747785185182,32.944563713596956,5.871815928411774
1934,M5_custom_BoxCox_ciclo_amortecido,level,26.40346738070371,33.062737376801856,6.659269996098146
1935,M5_custom_BoxCox_ciclo_amortecido,level,29.73372815963649,34.38137899179794,4.647650832161446
1936,M5_custom_BoxCox_ciclo_amortecido,level,33.35040289790439,35.94852796775949,2.598125069855101
1937,M5_custom_BoxCox_ciclo_amortecido,level,35.42003020963537,37.29244734958676,1.8724171399513878
1938,M5_custom_BoxCox_ciclo_amortecido,level,34.16082515387754,37.30832439669496,3.1474992428174176
1939,M5_custom_BoxCox_ciclo_amortecido,level,34.37912395877717,37.64559870738053,3.2664747486033576
1940,M5_custom_BoxCox_ciclo_amortecido,level,36.34450313688842,38.68303265022682,2.3385295133384005
1941,M5_custom_BoxCox_ciclo_amortecido,level,37.849905493679806,39.819403833210096,1.9694983395302899
1942,M5_custom_BoxCox_ciclo_amortecido,level,38.1485862707605,40.78982773111932,2.6412414603588203
1943,M5_custom_BoxCox_ciclo_amortecido,level,36.606556643868984,40.94186150370693,4.335304859837947
1944,M5_custom_BoxCox_ciclo_amortecido,level,34.62536116621663,40.07155106241071,5.446189896194085
1945,M5_custom_BoxCox_ciclo_amortecido,level,38.09486388848991,40.6889970486789,2.5941331601889885
1946,M5_custom_BoxCox_ciclo_amortecido,level,44.21434009643867,42.81929154398279,1.3950485524558758
1947,M5_custom_BoxCox_ciclo_amortecido,level,44.523425457278314,43.32290193286597,1.2005235244123469
1948,M5_custom_BoxCox_ciclo_amortecido,level,40.77536623952034,41.993301513491325,1.217935273970987
1949,M5_custom_BoxCox_ciclo_amortecido,level,43.613276518429515,43.49082712188355,0.1224493965459672
1950,M5_custom_BoxCox_ciclo_amortecido,level,40.79954623245607,42.73628824532736,1.9367420128712851
1951,M5_custom_BoxCox_ciclo_amortecido,level,44.363341069308674,45.035303669500145,0.6719626001914705
1952,M5_custom_BoxCox_ciclo_amortecido,level,41.31083742935243,45.049507167192985,3.738669737840553
1953,M5_custom_BoxCox_ciclo_amortecido,level,39.836568425704904,45.424912084141376,5.588343658436472
1954,M5_custom_BoxCox_ciclo_amortecido,level,36.782465983939225,43.98284608068632,7.200380096747097
1955,M5_custom_BoxCox_ciclo_amortecido,level,41.161583193580924,44.38490579225916,3.2233225986782372
1956,M5_custom_BoxCox_ciclo_amortecido,level,50.41889882215202,47.30802823364533,3.1108705885066925
1957,M5_custom_BoxCox_ciclo_amortecido,level,49.250223407256506,46.64753555707053,2.6026878501859727
1958,M5_custom_BoxCox_ciclo_amortecido,level,46.78936286293698,45.158332020839396,1.6310308420975872
1959,M5_custom_BoxCox_ciclo_amortecido,level,47.34876594131634,44.62153656870895,2.7272293726073897
1960,M5_custom_BoxCox_ciclo_amortecido,level,47.67151933458854,43.97790686251713,3.6936124720714076
1961,M5_custom_BoxCox_ciclo_amortecido,level,45.932637609476565,42.18598966544562,3.746647944030947
1962,M5_custom_BoxCox_ciclo_amortecido,level,48.84251441617537,42.521564635525294,6.320949780650075
1963,M5_custom_BoxCox_ciclo_amortecido,level,48.39789046869004,42.31216820928647,6.085722259403575
1964,M5_custom_BoxCox_ciclo_amortecido,level,42.808310448705036,40.01464450419794,2.7936659445070973
1965,M5_custom_BoxCox_ciclo_amortecido,level,40.86171426588566,38.71086548605503,2.150848779830632
1966,M5_custom_BoxCox_ciclo_amortecido,level,41.742158504439665,38.51036735955493,3.2317911448847383
1967,M5_custom_BoxCox_ciclo_amortecido,level,42.62384263013765,38.79156719296852,3.8322754371691303
1968,M5_custom_BoxCox_ciclo_amortecido,level,39.08458028423204,37.34723044202419,1.7373498422078484
1969,M5_custom_BoxCox_ciclo_amortecido,level,37.62499740921036,36.390052787401835,1.2349446218085234
1970,M5_custom_BoxCox_ciclo_amortecido,level,38.894149556678684,36.58450039253479,2.3096491641438917
1971,M5_custom_BoxCox_ciclo_amortecido,level,35.89749607227891,34.69236804279176,1.205128029487149
1972,M5_custom_BoxCox_ciclo_amortecido,level,40.301268089949446,36.086162312925836,4.215105777023609
1973,M5_custom_BoxCox_ciclo_amortecido,level,37.02113281227822,34.65909049748532,2.3620423147928946
1974,M5_custom_BoxCox_ciclo_amortecido,level,38.157106912558746,35.35997663336396,2.797130279194789
1975,M5_custom_BoxCox_ciclo_amortecido,level,33.85905754644138,33.85905754644138,0.0
1700,M6_tendencia_mais_ciclo_usual,level,4.15,32.120846493786026,27.970846493786027
1701,M6_tendencia_mais_ciclo_usual,level,13.30761239013904,32.46408717081539,19.156474780676348
1702,M6_tendencia_mais_ciclo_usual,level,18.303251183202427,32.41836785870376,14.115116675501334
1703,M6_tendencia_mais_ciclo_usual,level,75.4913387160095,32.51118331776912,42.98015539824038
1704,M6_tendencia_mais_ciclo_usual,level,126.09166099826739,33.60180967819079,92.4898513200766
1705,M6_tendencia_mais_ciclo_usual,level,175.09489592668947,36.92785107759903,138.16704484909044
1706,M6_tendencia_mais_ciclo_usual,level,-130.57492864815237,34.42359402796586,164.99852267611823
1707,M6_tendencia_mais_ciclo_usual,level,-38.26118386504854,35.54543556688367,73.8066194319322
1708,M6_tendencia_mais_ciclo_usual,level,-2.983056459912973,36.55843549601714,39.54149195593011
1709,M6_tendencia_mais_ciclo_usual,level,32.598592438708174,38.54644557895454,5.947853140246366
1710,M6_tendencia_mais_ciclo_usual,level,30.998911091787654,39.94502310000775,8.946112008220098
1711,M6_tendencia_mais_ciclo_usual,level,28.326709305073535,41.398646048177184,13.071936743103649
1712,M6_tendencia_mais_ciclo_usual,level,26.633859427242278,42.91377751205276,16.279918084810483
1713,M6_tendencia_mais_ciclo_usual,level,23.827467754598644,44.20677589296426,20.379308138365616
1714,M6_tendencia_mais_ciclo_usual,level,29.279382639488865,45.916820590947395,16.63743795145853
1715,M6_tendencia_mais_ciclo_usual,level,39.60208197801953,48.22029746360521,8.618215485585687
1716,M6_tendencia_mais_ciclo_usual,level,50.73995708763347,51.23542034342452,0.49546325579105144
1717,M6_tendencia_mais_ciclo_usual,level,56.323783646267756,54.64065994973719,1.683123696530565
1718,M6_tendencia_mais_ciclo_usual,level,46.02639531117093,56.85095066706572,10.824555355894788
1719,M6_tendencia_mais_ciclo_usual,level,29.945936608726164,57.689211216511794,27.74327460778563
1720,M6_tendencia_mais_ciclo_usual,level,35.30638249407673,60.19006149246637,24.88367899838964
1721,M6_tendencia_mais_ciclo_usual,level,47.50347684365974,63.55367858192881,16.050201738269067
1722,M6_tendencia_mais_ciclo_usual,level,52.37156169219132,66.04080657917632,13.669244886984998
1723,M6_tendencia_mais_ciclo_usual,level,48.3266053267766,66.5056296009196,18.179024274143003
1724,M6_tendencia_mais_ciclo_usual,level,60.40311145109187,68.37541138142248,7.972299930330614
1725,M6_tendencia_mais_ciclo_usual,level,72.23733954514837,69.8826203488858,2.354719196262579
1726,M6_tendencia_mais_ciclo_usual,level,93.07321794998643,73.27490247791181,19.79831547207462
1727,M6_tendencia_mais_ciclo_usual,level,113.32278100819273,78.5568588016252,34.76592220656754
1728,M6_tendencia_mais_ciclo_usual,level,90.55928022034395,77.44972161285813,13.109558607485823
1729,M6_tendencia_mais_ciclo_usual,level,78.3030377247554,76.89131744779493,1.411720276960466
1730,M6_tendencia_mais_ciclo_usual,level,78.37438597508121,77.49275135080106,0.8816346242801529
1731,M6_tendencia_mais_ciclo_usual,level,88.25795812430648,79.67251387186285,8.585444252443637
1732,M6_tendencia_mais_ciclo_usual,level,85.17638555239351,79.0847227261715,6.091662826222006
1733,M6_tendencia_mais_ciclo_usual,level,90.5347806305992,79.28333536442813,11.251445266171075
1734,M6_tendencia_mais_ciclo_usual,level,98.93439197513528,79.79888376334563,19.135508211789656
1735,M6_tendencia_mais_ciclo_usual,level,103.84738948434733,79.54871028221146,24.298679202135872
1736,M6_tendencia_mais_ciclo_usual,level,114.98604700806682,81.04441345012802,33.9416335579388
1737,M6_tendencia_mais_ciclo_usual,level,108.39195574806196,79.27974261270877,29.112213135353187
1738,M6_tendencia_mais_ciclo_usual,level,118.27688845236106,81.53774481236741,36.73914363999366
1739,M6_tendencia_mais_ciclo_usual,level,107.2509900262547,80.26536650645772,26.985623519796974
1740,M6_tendencia_mais_ciclo_usual,level,96.05135616395141,78.46661372357318,17.584742440378236
1741,M6_tendencia_mais_ciclo_usual,level,89.36334181326258,76.72727271758298,12.636069095679602
1742,M6_tendencia_mais_ciclo_usual,level,91.78059974443696,76.31940416998923,15.461195574447729
1743,M6_tendencia_mais_ciclo_usual,level,98.78994945165546,77.08755352002626,21.702395931629198
1744,M6_tendencia_mais_ciclo_usual,level,95.33931234889296,75.62721234863494,19.71210000025802
1745,M6_tendencia_mais_ciclo_usual,level,97.59447570133383,75.2887435009102,22.305732200423634
1746,M6_tendencia_mais_ciclo_usual,level,97.35028588000324,74.51728919277755,22.832996687225688
1747,M6_tendencia_mais_ciclo_usual,level,97.79320131443914,74.08278487156768,23.710416442871463
1748,M6_tendencia_mais_ciclo_usual,level,97.86693416833157,73.98219421975313,23.884739948578442
1749,M6_tendencia_mais_ciclo_usual,level,99.17836755048812,75.0063956974603,24.171971853027813
1750,M6_tendencia_mais_ciclo_usual,level,93.45553823179581,75.298653048554,18.156885183241812
1751,M6_tendencia_mais_ciclo_usual,level,74.20367849375634,71.82391459324333,2.3797639005130122
1752,M6_tendencia_mais_ciclo_usual,level,81.6632031641043,74.1288198082894,7.534383355814896
1753,M6_tendencia_mais_ciclo_usual,level,77.76844666620595,74.16917012267527,3.599276543530678
1754,M6_tendencia_mais_ciclo_usual,level,73.63516230893786,73.74409354997897,0.10893124104110541
1755,M6_tendencia_mais_ciclo_usual,level,76.33599707501978,74.66223752695203,1.6737595480677498
1756,M6_tendencia_mais_ciclo_usual,level,76.33246929877295,74.82119567034371,1.5112736284292367
1757,M6_tendencia_mais_ciclo_usual,level,83.80877524347693,77.10189646830462,6.706878775172314
1758,M6_tendencia_mais_ciclo_usual,level,83.46117639665232,78.17915498886258,5.282021407789742
1759,M6_tendencia_mais_ciclo_usual,level,79.19369955421367,78.40482901818669,0.7888705360269768
1760,M6_tendencia_mais_ciclo_usual,level,78.88221346563998,79.55814223309476,0.6759287674547778
1761,M6_tendencia_mais_ciclo_usual,level,87.34708185607656,83.84963116104075,3.497450695035809
1762,M6_tendencia_mais_ciclo_usual,level,73.02796500502866,82.91725558478682,9.889290579758153
1763,M6_tendencia_mais_ciclo_usual,level,70.73047398947226,84.12191045231567,13.391436462843416
1764,M6_tendencia_mais_ciclo_usual,level,73.42938787711678,86.33081584035725,12.901427963240465
1765,M6_tendencia_mais_ciclo_usual,level,71.34442058747511,86.88818761932478,15.543767031849669
1766,M6_tendencia_mais_ciclo_usual,level,71.21135921433044,86.7853266889041,15.573967474573664
1767,M6_tendencia_mais_ciclo_usual,level,85.37803422643319,89.88015998845643,4.50212576202324
1768,M6_tendencia_mais_ciclo_usual,level,95.40111225231618,92.73805863498778,2.6630536173284014
1769,M6_tendencia_mais_ciclo_usual,level,104.87985717342313,96.91508763472754,7.964769538695592
1770,M6_tendencia_mais_ciclo_usual,level,95.4871495030167,97.21804898834905,1.7308994853323583
1771,M6_tendencia_mais_ciclo_usual,level,87.93495476379341,97.52189125001075,9.58693648621734
1772,M6_tendencia_mais_ciclo_usual,level,88.42134845532556,99.48325250551964,11.061904050194087
1773,M6_tendencia_mais_ciclo_usual,level,82.61944473144868,99.09079453266179,16.47134980121311
1774,M6_tendencia_mais_ciclo_usual,level,90.8875444520751,101.5475277059565,10.659983253881393
1775,M6_tendencia_mais_ciclo_usual,level,84.96356275986108,99.21010854215727,14.246545782296195
1776,M6_tendencia_mais_ciclo_usual,level,94.53971774877246,99.0662674465171,4.526549697744642
1777,M6_tendencia_mais_ciclo_usual,level,124.69329858483702,105.1982884645139,19.49501012032313
1778,M6_tendencia_mais_ciclo_usual,level,139.54004780483214,110.83106586431435,28.708981940517788
1779,M6_tendencia_mais_ciclo_usual,level,113.93873508393673,107.16413720378524,6.7745978801514894
1780,M6_tendencia_mais_ciclo_usual,level,98.85244054096042,104.43191155329596,5.579471012335546
1781,M6_tendencia_mais_ciclo_usual,level,103.81100859025167,105.9037755218204,2.0927669315687325
1782,M6_tendencia_mais_ciclo_usual,level,101.77319134661914,105.04033703385232,3.2671456872331817
1783,M6_tendencia_mais_ciclo_usual,level,105.22568456507409,104.64468420042654,0.5810003646475508
1784,M6_tendencia_mais_ciclo_usual,level,105.439250554643,102.17946306076414,3.2597874938788607
1785,M6_tendencia_mais_ciclo_usual,level,113.2000685870402,100.3302061577642,12.869862429276012
1786,M6_tendencia_mais_ciclo_usual,level,134.53417763772435,102.44876591069655,32.085411727027804
1787,M6_tendencia_mais_ciclo_usual,level,143.39686595520783,103.2233547296729,40.173511225534924
1788,M6_tendencia_mais_ciclo_usual,level,130.6850674601614,98.95968406604979,31.725383394111617
1789,M6_tendencia_mais_ciclo_usual,level,123.11998444886454,95.2979147195753,27.82206972928924
1790,M6_tendencia_mais_ciclo_usual,level,116.17508619522988,90.77212468797849,25.40296150725139
1791,M6_tendencia_mais_ciclo_usual,level,116.5145171579428,87.09384828234482,29.420668875597983
1792,M6_tendencia_mais_ciclo_usual,level,124.30108859475514,85.25848761443666,39.04260098031848
1793,M6_tendencia_mais_ciclo_usual,level,125.12958512518587,81.99729425920955,43.132290865976316
1794,M6_tendencia_mais_ciclo_usual,level,126.75962065916409,79.49048317063102,47.26913748853306
1795,M6_tendencia_mais_ciclo_usual,level,118.94095801914258,74.8221446767295,44.11881334241309
1796,M6_tendencia_mais_ciclo_usual,level,116.75492629339338,71.845903877799,44.90902241559438
1797,M6_tendencia_mais_ciclo_usual,level,109.18171278470544,67.7735660405304,41.40814674417504
1798,M6_tendencia_mais_ciclo_usual,level,103.11369982853658,64.16317402639325,38.95052580214333
1799,M6_tendencia_mais_ciclo_usual,level,97.02865130868594,60.63157150996926,36.397079798716675
1800,M6_tendencia_mais_ciclo_usual,level,91.46280418764094,57.27887799580614,34.1839261918348
1801,M6_tendencia_mais_ciclo_usual,level,90.12211164390062,55.4745112657733,34.64760037812732
1802,M6_tendencia_mais_ciclo_usual,level,84.06178831208506,53.03721901055954,31.024569301525517
1803,M6_tendencia_mais_ciclo_usual,level,74.55080276466266,49.74677100385662,24.80403176080604
1804,M6_tendencia_mais_ciclo_usual,level,71.80555925578275,48.37528141458772,23.430277841195036
1805,M6_tendencia_mais_ciclo_usual,level,66.4333182552165,46.68544072180584,19.747877533410666
1806,M6_tendencia_mais_ciclo_usual,level,59.76216572152222,44.69040051741884,15.071765204103386
1807,M6_tendencia_mais_ciclo_usual,level,53.56020494793732,42.50678478149305,11.053420166444269
1808,M6_tendencia_mais_ciclo_usual,level,55.12059466066003,42.44897468840652,12.67161997225351
1809,M6_tendencia_mais_ciclo_usual,level,52.372123885827996,41.618749342982426,10.75337454284557
1810,M6_tendencia_mais_ciclo_usual,level,49.66432259845756,40.964873852217174,8.699448746240385
1811,M6_tendencia_mais_ciclo_usual,level,47.26006820034507,40.56277575010082,6.697292450244248
1812,M6_tendencia_mais_ciclo_usual,level,44.533664083970805,40.209452765910136,4.324211318060669
1813,M6_tendencia_mais_ciclo_usual,level,42.6652240976636,40.208731836187596,2.4564922614760007
1814,M6_tendencia_mais_ciclo_usual,level,38.05322988705032,39.31682641902386,1.2635965319735405
1815,M6_tendencia_mais_ciclo_usual,level,43.21042059140701,41.34254622984434,1.86787436156267
1816,M6_tendencia_mais_ciclo_usual,level,42.250328354120015,42.577361345423846,0.327032991303831
1817,M6_tendencia_mais_ciclo_usual,level,36.86299757623106,42.92785467693686,6.064857100705801
1818,M6_tendencia_mais_ciclo_usual,level,33.4019544550621,43.736599444957335,10.334644989895232
1819,M6_tendencia_mais_ciclo_usual,level,32.63615482927385,45.292199874936024,12.656045045662175
1820,M6_tendencia_mais_ciclo_usual,level,32.51020787424029,47.16015421012341,14.649946335883122
1821,M6_tendencia_mais_ciclo_usual,level,31.818627339371126,48.94316931005564,17.12454197068451
1822,M6_tendencia_mais_ciclo_usual,level,33.3901718633978,51.45448926860303,18.064317405205223
1823,M6_tendencia_mais_ciclo_usual,level,32.60118353122831,53.37006694305559,20.768883411827282
1824,M6_tendencia_mais_ciclo_usual,level,34.02674200835188,55.78904962380521,21.76230761545333
1825,M6_tendencia_mais_ciclo_usual,level,35.67538773062583,58.22155334113051,22.54616561050468
1826,M6_tendencia_mais_ciclo_usual,level,40.1376999070277,61.58592206382397,21.44822215679627
1827,M6_tendencia_mais_ciclo_usual,level,41.564211420885876,64.37934265602497,22.8151312351391
1828,M6_tendencia_mais_ciclo_usual,level,45.18179484928652,68.06553440730804,22.883739558021517
1829,M6_tendencia_mais_ciclo_usual,level,45.722590385850516,71.24299085897873,25.520400473128213
1830,M6_tendencia_mais_ciclo_usual,level,48.48105787044722,75.34985189897907,26.868794028531845
1831,M6_tendencia_mais_ciclo_usual,level,43.63574596232377,77.17742659633211,33.541680634008344
1832,M6_tendencia_mais_ciclo_usual,level,42.75214723828883,79.01540483911441,36.26325760082558
1833,M6_tendencia_mais_ciclo_usual,level,43.79026226376553,79.88183324636617,36.09157098260064
1834,M6_tendencia_mais_ciclo_usual,level,52.444200542880324,81.27670620272288,28.832505659842553
1835,M6_tendencia_mais_ciclo_usual,level,71.46290319204941,85.1633519415832,13.700448749533791
1836,M6_tendencia_mais_ciclo_usual,level,93.9833281270278,91.79518860657869,2.1881395204491128
1837,M6_tendencia_mais_ciclo_usual,level,93.79683552818155,94.25602935752609,0.45919382934454234
1838,M6_tendencia_mais_ciclo_usual,level,76.65507689472713,91.59943803623958,14.944361141512445
1839,M6_tendencia_mais_ciclo_usual,level,79.90017987821204,93.42619659104825,13.52601671283621
1840,M6_tendencia_mais_ciclo_usual,level,82.13238818710013,94.8023233271577,12.66993514005756
1841,M6_tendencia_mais_ciclo_usual,level,83.57685547164253,95.55748127268225,11.980625801039722
1842,M6_tendencia_mais_ciclo_usual,level,88.48931726540205,96.93586504803591,8.446547782633857
1843,M6_tendencia_mais_ciclo_usual,level,89.2950263016929,96.73739887510615,7.442372573413252
1844,M6_tendencia_mais_ciclo_usual,level,93.82143235210096,96.93499942808877,3.1135670759878167
1845,M6_tendencia_mais_ciclo_usual,level,101.82830326310712,98.04533613523229,3.7829671278748265
1846,M6_tendencia_mais_ciclo_usual,level,103.93009352079491,97.62944170063403,6.30065182016088
1847,M6_tendencia_mais_ciclo_usual,level,112.16962168049757,99.43315294311884,12.736468737378729
1848,M6_tendencia_mais_ciclo_usual,level,114.45349220972743,100.85244897629505,13.601043233432378
1849,M6_tendencia_mais_ciclo_usual,level,103.4074300232077,98.84441501867663,4.563015004531067
1850,M6_tendencia_mais_ciclo_usual,level,93.33863850966064,95.82744637180711,2.488807862146473
1851,M6_tendencia_mais_ciclo_usual,level,102.56937934388134,97.62053420911359,4.948845134767751
1852,M6_tendencia_mais_ciclo_usual,level,105.33715464635013,98.24973937656816,7.087415269781971
1853,M6_tendencia_mais_ciclo_usual,level,104.65369124846121,98.21857793974429,6.435113308716922
1854,M6_tendencia_mais_ciclo_usual,level,101.24031561421714,97.2939029285089,3.946412685708239
1855,M6_tendencia_mais_ciclo_usual,level,98.52140683630083,95.98516407650098,2.5362427597998476
1856,M6_tendencia_mais_ciclo_usual,level,98.33264876547801,94.6322111978404,3.700437567637607
1857,M6_tendencia_mais_ciclo_usual,level,103.98725421003154,94.57969179314959,9.407562416881945
1858,M6_tendencia_mais_ciclo_usual,level,111.03275058707236,95.46118833740921,15.571562249663145
1859,M6_tendencia_mais_ciclo_usual,level,118.3472492136606,97.96669133724158,20.38055787641902
1860,M6_tendencia_mais_ciclo_usual,level,108.03617816097477,96.6849830842132,11.35119507676157
1861,M6_tendencia_mais_ciclo_usual,level,95.84209482435811,94.35466454187129,1.4874302824868266
1862,M6_tendencia_mais_ciclo_usual,level,91.68534674120652,93.33143911095017,1.6460923697436556
1863,M6_tendencia_mais_ciclo_usual,level,91.93226361451974,92.89621176810475,0.9639481535850081
1864,M6_tendencia_mais_ciclo_usual,level,100.55116052243837,95.0518320485567,5.499328473881661
1865,M6_tendencia_mais_ciclo_usual,level,95.76689523900473,93.68178355475544,2.0851116842492843
1866,M6_tendencia_mais_ciclo_usual,level,92.29614573733188,91.75292294012607,0.5432227972058143
1867,M6_tendencia_mais_ciclo_usual,level,89.92403282626614,88.68403775108635,1.2399950751797917
1868,M6_tendencia_mais_ciclo_usual,level,101.5672393725853,88.74637078323863,12.820868589346674
1869,M6_tendencia_mais_ciclo_usual,level,109.66237096032668,88.22442366730257,21.43794729302411
1870,M6_tendencia_mais_ciclo_usual,level,127.42836332702319,92.49317033398071,34.93519299304248
1871,M6_tendencia_mais_ciclo_usual,level,103.93676800840956,86.19299433763739,17.74377367077217
1872,M6_tendencia_mais_ciclo_usual,level,102.17677102802253,85.0400941803394,17.136676847683134
1873,M6_tendencia_mais_ciclo_usual,level,93.75932533602526,81.59614006043431,12.163185275590948
1874,M6_tendencia_mais_ciclo_usual,level,95.75179915409977,80.51041112238059,15.241388031719183
1875,M6_tendencia_mais_ciclo_usual,level,93.31606919750276,77.92191091747202,15.394158280030737
1876,M6_tendencia_mais_ciclo_usual,level,98.10419876134019,77.32444119399283,20.77975756734736
1877,M6_tendencia_mais_ciclo_usual,level,99.93856453025931,76.57992204266655,23.35864248759276
1878,M6_tendencia_mais_ciclo_usual,level,92.9339282337857,73.50171380833936,19.432214425446332
1879,M6_tendencia_mais_ciclo_usual,level,89.47100597379888,70.97638277114629,18.49462320265259
1880,M6_tendencia_mais_ciclo_usual,level,93.56791733152825,70.89311288166317,22.67480444986508
1881,M6_tendencia_mais_ciclo_usual,level,92.36954023326977,70.2889363249926,22.08060390827717
1882,M6_tendencia_mais_ciclo_usual,level,84.53886477445158,68.23581936642668,16.3030454080249
1883,M6_tendencia_mais_ciclo_usual,level,80.4247975181783,67.30805848767159,13.116739030506707
1884,M6_tendencia_mais_ciclo_usual,level,77.5287685108014,67.08137308106603,10.447395429735366
1885,M6_tendencia_mais_ciclo_usual,level,72.4843727355733,66.53262535428526,5.951747381288044
1886,M6_tendencia_mais_ciclo_usual,level,64.12433139031337,64.63800460767462,0.5136732173612444
1887,M6_tendencia_mais_ciclo_usual,level,64.08479838464302,64.49622847431912,0.4114300896761023
1888,M6_tendencia_mais_ciclo_usual,level,64.5419766692942,64.29759627902956,0.24438039026463798
1889,M6_tendencia_mais_ciclo_usual,level,64.68739074068313,63.73951430940592,0.9478764312772086
1890,M6_tendencia_mais_ciclo_usual,level,62.68063985285079,61.91027695828367,0.7703628945671213
1891,M6_tendencia_mais_ciclo_usual,level,70.72095502424442,62.67004929254455,8.05090573169987
1892,M6_tendencia_mais_ciclo_usual,level,78.63470052013331,64.42544460796518,14.209255912168132
1893,M6_tendencia_mais_ciclo_usual,level,74.95893668802279,63.871190167965295,11.087746520057493
1894,M6_tendencia_mais_ciclo_usual,level,68.08458660420446,62.423926881040636,5.660659723163825
1895,M6_tendencia_mais_ciclo_usual,level,64.33524150585453,61.512898088247695,2.822343417606831
1896,M6_tendencia_mais_ciclo_usual,level,60.82673947348717,60.172955371187875,0.6537841022992978
1897,M6_tendencia_mais_ciclo_usual,level,62.17803843295499,59.74570197431413,2.4323364586408616
1898,M6_tendencia_mais_ciclo_usual,level,68.72600820025997,61.14222050945547,7.583787690804499
1899,M6_tendencia_mais_ciclo_usual,level,65.18190210632599,60.060703743362225,5.121198362963767
1900,M6_tendencia_mais_ciclo_usual,level,65.88594860942813,60.18272591592395,5.703222693504173
1901,M6_tendencia_mais_ciclo_usual,level,62.19873189708179,59.0197021935762,3.1790297035055914
1902,M6_tendencia_mais_ciclo_usual,level,60.995725697125636,58.16899881943931,2.826726877686326
1903,M6_tendencia_mais_ciclo_usual,level,64.8819408033584,58.84480696211069,6.037133841247716
1904,M6_tendencia_mais_ciclo_usual,level,65.27554151564793,59.00625085262209,6.269290663025842
1905,M6_tendencia_mais_ciclo_usual,level,67.34990451556715,60.334579041143364,7.015325474423783
1906,M6_tendencia_mais_ciclo_usual,level,57.75071200726728,58.474143843102155,0.723431835834873
1907,M6_tendencia_mais_ciclo_usual,level,60.84150635498879,60.13513132504289,0.706375029945896
1908,M6_tendencia_mais_ciclo_usual,level,56.09815174516214,59.85408030040559,3.7559285552434503
1909,M6_tendencia_mais_ciclo_usual,level,58.1631659373357,61.65994390260584,3.496777965270141
1910,M6_tendencia_mais_ciclo_usual,level,51.471965951175626,60.9319985138325,9.46003256265687
1911,M6_tendencia_mais_ciclo_usual,level,51.80406467131723,61.61796630370644,9.81390163238921
1912,M6_tendencia_mais_ciclo_usual,level,54.429780173334336,62.8257533049982,8.395973131663865
1913,M6_tendencia_mais_ciclo_usual,level,53.57869640527323,62.76545900380334,9.186762598530116
1914,M6_tendencia_mais_ciclo_usual,level,54.918056938695386,62.71010177142678,7.792044832731392
1915,M6_tendencia_mais_ciclo_usual,level,66.179742430894,65.80424017939661,0.37550225149738026
1916,M6_tendencia_mais_ciclo_usual,level,61.72196375986398,64.8209164905907,3.0989527307267224
1917,M6_tendencia_mais_ciclo_usual,level,76.53573443111236,70.36426149154056,6.1714729395717995
1918,M6_tendencia_mais_ciclo_usual,level,60.62614426070815,68.0904366408543,7.464292380146155
1919,M6_tendencia_mais_ciclo_usual,level,57.53568939750851,68.56048433656889,11.024794939060378
1920,M6_tendencia_mais_ciclo_usual,level,54.61902649243172,68.4553478344604,13.836321342028675
1921,M6_tendencia_mais_ciclo_usual,level,59.318976691309196,70.07690378882742,10.757927097518227
1922,M6_tendencia_mais_ciclo_usual,level,61.19561916605048,70.76957947924838,9.573960313197901
1923,M6_tendencia_mais_ciclo_usual,level,61.94376209068065,70.63883235863611,8.695070267955458
1924,M6_tendencia_mais_ciclo_usual,level,67.91903540981914,71.67431046927223,3.7552750594530835
1925,M6_tendencia_mais_ciclo_usual,level,76.50781403611545,74.04742534235308,2.4603886937623685
1926,M6_tendencia_mais_ciclo_usual,level,78.10575611931499,75.39663110314275,2.709125016172237
1927,M6_tendencia_mais_ciclo_usual,level,74.44694771261086,75.70140192956501,1.2544542169541444
1928,M6_tendencia_mais_ciclo_usual,level,76.0738642371891,78.06564962798339,1.9917853907942913
1929,M6_tendencia_mais_ciclo_usual,level,70.62425578917724,79.0058970548347,8.381641265657464
1930,M6_tendencia_mais_ciclo_usual,level,62.51150305883356,78.76022207885872,16.248719020025156
1931,M6_tendencia_mais_ciclo_usual,level,63.77577373818866,80.62297399743763,16.847200259248964
1932,M6_tendencia_mais_ciclo_usual,level,65.10558388453974,82.35559156463219,17.250007680092452
1933,M6_tendencia_mais_ciclo_usual,level,65.41639340271031,83.40392139210458,17.987527989394266
1934,M6_tendencia_mais_ciclo_usual,level,66.5746036992835,83.96333192399052,17.388728224707023
1935,M6_tendencia_mais_ciclo_usual,level,74.80190947949745,86.18638848889458,11.384479009397126
1936,M6_tendencia_mais_ciclo_usual,level,85.74959258354083,89.98782363229839,4.238231048757555
1937,M6_tendencia_mais_ciclo_usual,level,90.91120170318057,93.66878933312418,2.7575876299436146
1938,M6_tendencia_mais_ciclo_usual,level,82.52638352485604,94.19250025955412,11.666116734698079
1939,M6_tendencia_mais_ciclo_usual,level,75.98534275432259,94.71423399984917,18.728891245526583
1940,M6_tendencia_mais_ciclo_usual,level,75.68028647088033,96.41139181946929,20.731105348588954
1941,M6_tendencia_mais_ciclo_usual,level,77.72356107909809,98.41473217543262,20.69117109633453
1942,M6_tendencia_mais_ciclo_usual,level,80.42621250251324,100.27090472205535,19.84469221954211
1943,M6_tendencia_mais_ciclo_usual,level,81.80586189673348,101.15680440779867,19.3509425110652
1944,M6_tendencia_mais_ciclo_usual,level,83.1674544487828,100.94443628035029,17.776981831567483
1945,M6_tendencia_mais_ciclo_usual,level,93.28049637968205,102.44739160759093,9.166895227908881
1946,M6_tendencia_mais_ciclo_usual,level,112.39564587201107,107.63451528439975,4.761130587611319
1947,M6_tendencia_mais_ciclo_usual,level,116.20550786192359,110.57068448685378,5.634823375069814
1948,M6_tendencia_mais_ciclo_usual,level,102.95294820741992,109.04604815924503,6.09309995182511
1949,M6_tendencia_mais_ciclo_usual,level,104.5757045805259,111.62689193540278,7.0511873548768875
1950,M6_tendencia_mais_ciclo_usual,level,92.55503749676325,109.85277531813267,17.297737821369424
1951,M6_tendencia_mais_ciclo_usual,level,99.67056111745258,112.81683239349604,13.146271276043464
1952,M6_tendencia_mais_ciclo_usual,level,95.73643795207165,112.23861789395696,16.502179941885302
1953,M6_tendencia_mais_ciclo_usual,level,98.10719071565212,112.22962952494974,14.12243880929762
1954,M6_tendencia_mais_ciclo_usual,level,98.59887089598037,110.14469089824597,11.5458200022656
1955,M6_tendencia_mais_ciclo_usual,level,109.69617500100308,109.66967532720733,0.026499673795754575
1956,M6_tendencia_mais_ciclo_usual,level,138.28370641195485,115.55874304530717,22.724963366647685
1957,M6_tendencia_mais_ciclo_usual,level,138.9245774883151,116.07834204846367,22.846235439851426
1958,M6_tendencia_mais_ciclo_usual,level,126.90987946711154,113.51805711339466,13.391822353716876
1959,M6_tendencia_mais_ciclo_usual,level,119.42112413576005,111.77879421111187,7.64232992464818
1960,M6_tendencia_mais_ciclo_usual,level,113.01948656296678,109.63262653274856,3.386860030218216
1961,M6_tendencia_mais_ciclo_usual,level,107.53980285746958,106.40370537001421,1.1360974874553733
1962,M6_tendencia_mais_ciclo_usual,level,117.75621254108147,107.00846808318873,10.747744457892736
1963,M6_tendencia_mais_ciclo_usual,level,123.09293262512155,106.74822947881529,16.34470314630626
1964,M6_tendencia_mais_ciclo_usual,level,119.42890784619547,103.82758631321906,15.601321532976414
1965,M6_tendencia_mais_ciclo_usual,level,120.2061502640825,101.65058640434444,18.555563859738058
1966,M6_tendencia_mais_ciclo_usual,level,125.37341529445926,100.95606521030861,24.417350084150655
1967,M6_tendencia_mais_ciclo_usual,level,130.97536853911387,101.67908128231184,29.29628725680203
1968,M6_tendencia_mais_ciclo_usual,level,122.31512743393723,99.37825915432579,22.936868279611446
1969,M6_tendencia_mais_ciclo_usual,level,114.31814380755071,97.35062348705117,16.967520320499546
1970,M6_tendencia_mais_ciclo_usual,level,111.27176576793426,97.0224939138012,14.249271854133056
1971,M6_tendencia_mais_ciclo_usual,level,98.41552191864294,93.53039701666087,4.885124901982067
1972,M6_tendencia_mais_ciclo_usual,level,104.8961310585399,95.4725203155247,9.423610743015189
1973,M6_tendencia_mais_ciclo_usual,level,96.83490298421279,93.59275766196156,3.2421453222512326
1974,M6_tendencia_mais_ciclo_usual,level,99.69098299786407,94.81632800568777,4.874654992176303
1975,M6_tendencia_mais_ciclo_usual,level,93.55920073910265,93.55920073910265,0.0
